 ,,,,,,
,,,,,,
BRADY & KOBE,LEBRON JAMES,Kabooms,Downtown,GOATS,Color Blast,Manga
"$100 - $5,000","$300 - $4,000","$500 - $5,000","$250 - $2,000","$100 - $7,500",$500 - $5000,$500 - $5000
,,,,,,
,,ONLY BEST PLAYERS,ONLY BEST PLAYERS,,,
NO GRADES BELOW 8 ,NO GRADES BELOW 8 ,,,SEE GOAT TAB,,
,,,,,,
NO FADED AUTOS,NO FADED AUTOS,(NO DUPLICATES),(NO DUPLICATES),ONLY 9s and above,,
,,,,,,
,,,,,,
,,,,,,
,,,Basketball,,,
,,,Price Ranges,$10 - $299,,
,,,Price Ranges,"$2,000 - $5,000",,
,,,,,,
,,,Baseball,,,
,,,Price Ranges,$10 - $99,,
,,,Price Ranges,"$2,000 - $5,000",,
,,,,,,
,,,Football,,,
,,,Price Ranges,$10 - $299,,
,,,Price Ranges,"$2,000 - $5,000",,
,,,,,,
,,,Soccer,,,
,,,Price Ranges,"$10 - $1,000",,
,,,,,,
,,,UFC,,,
,,,Price Ranges,"$10 - $1,000",,
,,,,,,
,,,Hockey,,,
,,,Price Ranges,"$10 - $1,000",,